ProcessInstance__@id,ProcessInstance__AuditTrailEntry__WorkflowModelElement,ProcessInstance__AuditTrailEntry__Timestamp
380.0,Start,2023-12-22T09:44:20.931+00:00
380.0,Define_Data_Object,2024-06-11T09:51:06.860+00:00
380.0,Request_Data_Object,2024-06-11T09:51:06.860+00:00
380.0,Start_Event,2024-06-11T09:51:06.860+00:00
380.0,Define_pipeline_and_deployment_configuration,2025-09-15T10:10:30.922+00:00
380.0,send_deployment_configuration,2025-09-15T10:10:30.922+00:00
380.0,deployment_configuration_received,2025-09-15T10:10:30.922+00:00
380.0,accepted,2025-09-15T10:10:30.922+00:00
380.0,accept,2025-09-15T10:10:30.922+00:00
380.0,execute_capabilities,2026-07-03T13:35:46.355+00:00
380.0,terminate_exchange,2026-07-03T13:35:46.355+00:00
390.0,Start,2023-12-22T10:00:10.810+00:00
390.0,Define_Data_Object,2024-08-27T08:10:33.268+00:00
390.0,Request_Data_Object,2024-08-27T08:10:33.268+00:00
390.0,Start_Event,2024-08-27T08:10:33.268+00:00
390.0,Define_pipeline_and_deployment_configuration,2026-01-16T11:33:59.416+00:00
390.0,send_deployment_configuration,2026-01-16T11:33:59.416+00:00
390.0,deployment_configuration_received,2026-01-16T11:33:59.416+00:00
390.0,revised,2026-01-16T11:33:59.416+00:00
390.0,revise,2026-01-16T11:33:59.416+00:00
390.0,Define_pipeline_and_deployment_configuration,2026-09-25T13:15:29.601+00:00
390.0,send_deployment_configuration,2026-09-25T13:15:29.601+00:00
391.0,Start,2023-12-22T10:00:51.575+00:00
391.0,Define_Data_Object,2024-09-05T09:50:59.710+00:00
391.0,Request_Data_Object,2024-09-05T09:50:59.710+00:00
391.0,Start_Event,2024-09-05T09:50:59.710+00:00
391.0,decline_exchange,2024-09-05T09:50:59.710+00:00
391.0,data_object_declined,2024-09-05T09:50:59.710+00:00
391.0,decline_data_object,2024-09-05T09:50:59.710+00:00
353.0,Start,2023-12-22T09:04:08.353+00:00
353.0,Define_Data_Object,2024-01-10T09:24:03.351+00:00
353.0,Request_Data_Object,2024-01-10T09:24:03.351+00:00
353.0,Start_Event,2024-01-10T09:24:03.351+00:00
353.0,Define_pipeline_and_deployment_configuration,2024-12-23T14:52:17.474+00:00
353.0,send_deployment_configuration,2024-12-23T14:52:17.474+00:00
353.0,deployment_configuration_received,2024-12-23T14:52:17.474+00:00
353.0,accepted,2024-12-23T14:52:17.474+00:00
353.0,accept,2024-12-23T14:52:17.474+00:00
353.0,execute_capabilities,2026-03-13T15:15:45.687+00:00
353.0,End Event_353,2026-03-13T15:15:45.687+00:00
354.0,Start,2023-12-22T09:06:55.466+00:00
354.0,Define_Data_Object,2024-01-15T14:33:29.444+00:00
354.0,Request_Data_Object,2024-01-15T14:33:29.444+00:00
354.0,Start_Event,2024-01-15T14:33:29.444+00:00
354.0,decline_exchange,2024-01-15T14:33:29.444+00:00
354.0,data_object_declined,2024-01-15T14:33:29.444+00:00
354.0,decline_data_object,2024-01-15T14:33:29.444+00:00
355.0,Start,2023-12-22T09:09:38.835+00:00
355.0,Define_Data_Object,2024-01-22T16:38:50.927+00:00
355.0,Request_Data_Object,2024-01-22T16:38:50.927+00:00
355.0,Start_Event,2024-01-22T16:38:50.927+00:00
355.0,decline_exchange,2024-01-22T16:38:50.927+00:00
355.0,data_object_declined,2024-01-22T16:38:50.927+00:00
355.0,decline_data_object,2024-01-22T16:38:50.927+00:00
364.0,Start,2023-12-22T09:24:53.795+00:00
364.0,Define_Data_Object,2024-03-12T11:41:58.619+00:00
364.0,Request_Data_Object,2024-03-12T11:41:58.619+00:00
364.0,Start_Event,2024-03-12T11:41:58.619+00:00
364.0,Define_pipeline_and_deployment_configuration,2025-03-24T13:20:10.361+00:00
364.0,send_deployment_configuration,2025-03-24T13:20:10.361+00:00
364.0,deployment_configuration_received,2025-03-24T13:20:10.361+00:00
364.0,declined,2025-03-24T13:20:10.361+00:00
364.0,decline,2025-03-24T13:20:10.361+00:00
364.0,decline_pipeline,2025-03-24T13:20:10.361+00:00
375.0,Start,2023-12-22T09:36:31.034+00:00
375.0,Define_Data_Object,2024-05-06T12:56:21.660+00:00
375.0,Request_Data_Object,2024-05-06T12:56:21.660+00:00
375.0,Start_Event,2024-05-06T12:56:21.660+00:00
375.0,Define_pipeline_and_deployment_configuration,2025-07-17T14:40:04.408+00:00
375.0,send_deployment_configuration,2025-07-17T14:40:04.408+00:00
375.0,deployment_configuration_received,2025-07-17T14:40:04.408+00:00
375.0,accepted,2025-07-17T14:40:04.408+00:00
375.0,accept,2025-07-17T14:40:04.408+00:00
375.0,implement_capabilities,2026-06-11T11:16:27.810+00:00
375.0,execute_capabilities,2026-10-27T15:26:20.569+00:00
375.0,terminate_exchange,2026-10-27T15:26:20.569+00:00
386.0,Start,2023-12-22T09:55:41.498+00:00
386.0,Define_Data_Object,2024-07-22T11:45:43.551+00:00
386.0,Request_Data_Object,2024-07-22T11:45:43.551+00:00
386.0,Start_Event,2024-07-22T11:45:43.551+00:00
386.0,Define_pipeline_and_deployment_configuration,2025-11-18T16:35:25.630+00:00
386.0,send_deployment_configuration,2025-11-18T16:35:25.630+00:00
386.0,deployment_configuration_received,2025-11-18T16:35:25.630+00:00
386.0,accepted,2025-11-18T16:35:25.630+00:00
386.0,accept,2025-11-18T16:35:25.630+00:00
386.0,execute_capabilities,2026-08-20T12:06:22.356+00:00
386.0,terminate_exchange,2026-08-20T12:06:22.356+00:00
397.0,Start,2023-12-22T10:12:34.578+00:00
397.0,Define_Data_Object,2024-10-30T11:58:15.632+00:00
397.0,Request_Data_Object,2024-10-30T11:58:15.632+00:00
397.0,Start_Event,2024-10-30T11:58:15.632+00:00
397.0,Define_pipeline_and_deployment_configuration,2026-02-25T13:36:57.391+00:00
397.0,send_deployment_configuration,2026-02-25T13:36:57.391+00:00
397.0,deployment_configuration_received,2026-02-25T13:36:57.391+00:00
397.0,accepted,2026-02-25T13:36:57.391+00:00
397.0,accept,2026-02-25T13:36:57.391+00:00
397.0,implement_capabilities,2026-10-22T14:57:50.830+00:00
397.0,execute_capabilities,2026-10-29T13:58:10.173+00:00
397.0,terminate_exchange,2026-10-29T13:58:10.173+00:00
387.0,Start,2023-12-22T09:56:37.285+00:00
387.0,Define_Data_Object,2024-07-30T09:58:51.494+00:00
387.0,Request_Data_Object,2024-07-30T09:58:51.494+00:00
387.0,Start_Event,2024-07-30T09:58:51.494+00:00
387.0,Define_pipeline_and_deployment_configuration,2025-12-04T15:41:10.973+00:00
387.0,send_deployment_configuration,2025-12-04T15:41:10.973+00:00
387.0,deployment_configuration_received,2025-12-04T15:41:10.973+00:00
387.0,accepted,2025-12-04T15:41:10.973+00:00
387.0,accept,2025-12-04T15:41:10.973+00:00
387.0,implement_capabilities,2026-08-31T11:55:45.678+00:00
387.0,execute_capabilities,2026-10-28T12:20:43.319+00:00
387.0,terminate_exchange,2026-10-28T12:20:43.319+00:00
365.0,Start,2023-12-22T09:26:38.333+00:00
365.0,Define_Data_Object,2024-03-14T09:03:44.013+00:00
365.0,Request_Data_Object,2024-03-14T09:03:44.013+00:00
365.0,Start_Event,2024-03-14T09:03:44.013+00:00
365.0,revise_exchange,2024-03-14T09:03:44.013+00:00
365.0,data_object_revised,2024-03-14T09:03:44.013+00:00
365.0,Define_Data_Object,2025-03-28T10:38:22.828+00:00
365.0,Request_Data_Object,2025-03-28T10:38:22.828+00:00
365.0,Start_Event,2025-03-28T10:38:22.828+00:00
365.0,decline_exchange,2025-03-28T10:38:22.828+00:00
365.0,data_object_declined,2025-03-28T10:38:22.828+00:00
365.0,decline_data_object,2025-03-28T10:38:22.828+00:00
376.0,Start,2023-12-22T09:36:39.120+00:00
376.0,Define_Data_Object,2024-05-13T08:20:35.694+00:00
376.0,Request_Data_Object,2024-05-13T08:20:35.694+00:00
376.0,Start_Event,2024-05-13T08:20:35.694+00:00
376.0,Define_pipeline_and_deployment_configuration,2025-07-29T11:22:43.727+00:00
376.0,send_deployment_configuration,2025-07-29T11:22:43.727+00:00
376.0,deployment_configuration_received,2025-07-29T11:22:43.727+00:00
376.0,declined,2025-07-29T11:22:43.727+00:00
376.0,decline,2025-07-29T11:22:43.727+00:00
376.0,decline_pipeline,2025-07-29T11:22:43.727+00:00
388.0,Start,2023-12-22T09:57:05.235+00:00
388.0,Define_Data_Object,2024-08-08T14:18:22.469+00:00
388.0,Request_Data_Object,2024-08-08T14:18:22.469+00:00
388.0,Start_Event,2024-08-08T14:18:22.469+00:00
388.0,Define_pipeline_and_deployment_configuration,2025-12-19T10:29:57.251+00:00
388.0,send_deployment_configuration,2025-12-19T10:29:57.251+00:00
388.0,deployment_configuration_received,2025-12-19T10:29:57.251+00:00
388.0,accepted,2025-12-19T10:29:57.251+00:00
388.0,accept,2025-12-19T10:29:57.251+00:00
388.0,execute_capabilities,2026-08-31T13:07:59.511+00:00
388.0,End Event_353,2026-08-31T13:07:59.511+00:00
366.0,Start,2023-12-22T09:27:10.603+00:00
366.0,Define_Data_Object,2024-03-18T12:28:15.014+00:00
366.0,Request_Data_Object,2024-03-18T12:28:15.014+00:00
366.0,Start_Event,2024-03-18T12:28:15.014+00:00
366.0,decline_exchange,2024-03-18T12:28:15.014+00:00
366.0,data_object_declined,2024-03-18T12:28:15.014+00:00
366.0,decline_data_object,2024-03-18T12:28:15.014+00:00
377.0,Start,2023-12-22T09:39:50.657+00:00
377.0,Define_Data_Object,2024-05-15T13:12:49.169+00:00
377.0,Request_Data_Object,2024-05-15T13:12:49.169+00:00
377.0,Start_Event,2024-05-15T13:12:49.169+00:00
377.0,Define_pipeline_and_deployment_configuration,2025-08-14T15:25:11.017+00:00
377.0,send_deployment_configuration,2025-08-14T15:25:11.017+00:00
377.0,deployment_configuration_received,2025-08-14T15:25:11.017+00:00
377.0,accepted,2025-08-14T15:25:11.017+00:00
377.0,accept,2025-08-14T15:25:11.017+00:00
377.0,implement_capabilities,2026-06-26T14:20:22.232+00:00
377.0,End Event_336,2026-06-26T14:20:22.232+00:00
379.0,Start,2023-12-22T09:43:02.135+00:00
379.0,Define_Data_Object,2024-05-31T12:04:14.667+00:00
379.0,Request_Data_Object,2024-05-31T12:04:14.667+00:00
379.0,Start_Event,2024-05-31T12:04:14.667+00:00
379.0,decline_exchange,2024-05-31T12:04:14.667+00:00
379.0,data_object_declined,2024-05-31T12:04:14.667+00:00
379.0,decline_data_object,2024-05-31T12:04:14.667+00:00
352.0,Start,2023-12-22T09:01:41.047+00:00
352.0,Define_Data_Object,2024-01-08T13:00:20.238+00:00
352.0,Request_Data_Object,2024-01-08T13:00:20.238+00:00
352.0,Start_Event,2024-01-08T13:00:20.238+00:00
352.0,Define_pipeline_and_deployment_configuration,2024-12-09T10:58:35.017+00:00
352.0,send_deployment_configuration,2024-12-09T10:58:35.017+00:00
352.0,deployment_configuration_received,2024-12-09T10:58:35.017+00:00
352.0,accepted,2024-12-09T10:58:35.017+00:00
352.0,accept,2024-12-09T10:58:35.017+00:00
352.0,execute_capabilities,2026-03-13T13:20:40.643+00:00
352.0,End Event_353,2026-03-13T13:20:40.643+00:00
389.0,Start,2023-12-22T09:57:39.779+00:00
389.0,Define_Data_Object,2024-08-19T13:39:57.326+00:00
389.0,Request_Data_Object,2024-08-19T13:39:57.326+00:00
389.0,Start_Event,2024-08-19T13:39:57.326+00:00
389.0,Define_pipeline_and_deployment_configuration,2026-01-02T13:47:54.762+00:00
389.0,send_deployment_configuration,2026-01-02T13:47:54.762+00:00
389.0,deployment_configuration_received,2026-01-02T13:47:54.762+00:00
389.0,accepted,2026-01-02T13:47:54.762+00:00
389.0,accept,2026-01-02T13:47:54.762+00:00
389.0,implement_capabilities,2026-09-08T15:39:03.813+00:00
389.0,execute_capabilities,2026-10-28T16:11:35.842+00:00
389.0,terminate_exchange,2026-10-28T16:11:35.842+00:00
367.0,Start,2023-12-22T09:27:16.167+00:00
367.0,Define_Data_Object,2024-03-26T10:28:22.376+00:00
367.0,Request_Data_Object,2024-03-26T10:28:22.376+00:00
367.0,Start_Event,2024-03-26T10:28:22.376+00:00
367.0,Define_pipeline_and_deployment_configuration,2025-04-16T12:48:43.157+00:00
367.0,send_deployment_configuration,2025-04-16T12:48:43.157+00:00
367.0,deployment_configuration_received,2025-04-16T12:48:43.157+00:00
367.0,declined,2025-04-16T12:48:43.157+00:00
367.0,decline,2025-04-16T12:48:43.157+00:00
367.0,decline_pipeline,2025-04-16T12:48:43.157+00:00
369.0,Start,2023-12-22T09:30:35.914+00:00
369.0,Define_Data_Object,2024-04-04T15:38:06.730+00:00
369.0,Request_Data_Object,2024-04-04T15:38:06.730+00:00
369.0,Start_Event,2024-04-04T15:38:06.730+00:00
369.0,Define_pipeline_and_deployment_configuration,2025-04-25T09:58:47.373+00:00
369.0,send_deployment_configuration,2025-04-25T09:58:47.373+00:00
369.0,deployment_configuration_received,2025-04-25T09:58:47.373+00:00
369.0,accepted,2025-04-25T09:58:47.373+00:00
369.0,accept,2025-04-25T09:58:47.373+00:00
369.0,execute_capabilities,2026-05-08T10:40:54.771+00:00
369.0,terminate_exchange,2026-05-08T10:40:54.771+00:00
378.0,Start,2023-12-22T09:40:33.337+00:00
378.0,Define_Data_Object,2024-05-20T12:32:44.027+00:00
378.0,Request_Data_Object,2024-05-20T12:32:44.027+00:00
378.0,Start_Event,2024-05-20T12:32:44.027+00:00
378.0,Define_pipeline_and_deployment_configuration,2025-08-28T10:46:47.223+00:00
378.0,send_deployment_configuration,2025-08-28T10:46:47.223+00:00
378.0,deployment_configuration_received,2025-08-28T10:46:47.223+00:00
378.0,revised,2025-08-28T10:46:47.223+00:00
378.0,revise,2025-08-28T10:46:47.223+00:00
378.0,Define_pipeline_and_deployment_configuration,2026-07-03T10:21:06.508+00:00
378.0,send_deployment_configuration,2026-07-03T10:21:06.508+00:00
351.0,Start,2023-12-22T09:00:51.025+00:00
351.0,Define_Data_Object,2024-01-05T12:11:15.680+00:00
351.0,Request_Data_Object,2024-01-05T12:11:15.680+00:00
351.0,Start_Event,2024-01-05T12:11:15.680+00:00
351.0,Define_pipeline_and_deployment_configuration,2024-11-20T13:32:42.984+00:00
351.0,send_deployment_configuration,2024-11-20T13:32:42.984+00:00
351.0,deployment_configuration_received,2024-11-20T13:32:42.984+00:00
351.0,accepted,2024-11-20T13:32:42.984+00:00
351.0,accept,2024-11-20T13:32:42.984+00:00
351.0,implement_capabilities,2026-03-13T12:07:03.179+00:00
351.0,execute_capabilities,2026-10-23T08:00:42.137+00:00
351.0,terminate_exchange,2026-10-23T08:00:42.137+00:00
368.0,Start,2023-12-22T09:29:32.662+00:00
368.0,Define_Data_Object,2024-03-29T12:56:11.498+00:00
368.0,Request_Data_Object,2024-03-29T12:56:11.498+00:00
368.0,Start_Event,2024-03-29T12:56:11.498+00:00
368.0,Define_pipeline_and_deployment_configuration,2025-04-21T13:11:28.550+00:00
368.0,send_deployment_configuration,2025-04-21T13:11:28.550+00:00
368.0,deployment_configuration_received,2025-04-21T13:11:28.550+00:00
368.0,declined,2025-04-21T13:11:28.550+00:00
368.0,decline,2025-04-21T13:11:28.550+00:00
368.0,decline_pipeline,2025-04-21T13:11:28.550+00:00
357.0,Start,2023-12-22T09:12:09.944+00:00
357.0,Define_Data_Object,2024-02-02T10:49:52.352+00:00
357.0,Request_Data_Object,2024-02-02T10:49:52.352+00:00
357.0,Start_Event,2024-02-02T10:49:52.352+00:00
357.0,Define_pipeline_and_deployment_configuration,2025-01-10T09:30:10.358+00:00
357.0,send_deployment_configuration,2025-01-10T09:30:10.358+00:00
357.0,deployment_configuration_received,2025-01-10T09:30:10.358+00:00
357.0,accepted,2025-01-10T09:30:10.358+00:00
357.0,accept,2025-01-10T09:30:10.358+00:00
357.0,implement_capabilities,2026-04-07T12:02:49.529+00:00
357.0,execute_capabilities,2026-10-23T15:14:04.038+00:00
357.0,terminate_exchange,2026-10-23T15:14:04.038+00:00
396.0,Start,2023-12-22T10:11:40.194+00:00
396.0,Define_Data_Object,2024-10-24T11:12:33.238+00:00
396.0,Request_Data_Object,2024-10-24T11:12:33.238+00:00
396.0,Start_Event,2024-10-24T11:12:33.238+00:00
396.0,Define_pipeline_and_deployment_configuration,2026-02-16T15:30:53.128+00:00
396.0,send_deployment_configuration,2026-02-16T15:30:53.128+00:00
396.0,deployment_configuration_received,2026-02-16T15:30:53.128+00:00
396.0,declined,2026-02-16T15:30:53.128+00:00
396.0,decline,2026-02-16T15:30:53.128+00:00
396.0,decline_pipeline,2026-02-16T15:30:53.128+00:00
356.0,Start,2023-12-22T09:11:37.743+00:00
356.0,Define_Data_Object,2024-01-25T10:15:04.516+00:00
356.0,Request_Data_Object,2024-01-25T10:15:04.516+00:00
356.0,Start_Event,2024-01-25T10:15:04.516+00:00
356.0,Define_pipeline_and_deployment_configuration,2024-12-31T12:41:17.561+00:00
356.0,send_deployment_configuration,2024-12-31T12:41:17.561+00:00
356.0,deployment_configuration_received,2024-12-31T12:41:17.561+00:00
356.0,accepted,2024-12-31T12:41:17.561+00:00
356.0,accept,2024-12-31T12:41:17.561+00:00
356.0,implement_capabilities,2026-03-30T08:26:52.681+00:00
356.0,execute_capabilities,2026-10-23T11:50:36.784+00:00
356.0,terminate_exchange,2026-10-23T11:50:36.784+00:00
358.0,Start,2023-12-22T09:12:58.871+00:00
358.0,Define_Data_Object,2024-02-06T12:29:07.977+00:00
358.0,Request_Data_Object,2024-02-06T12:29:07.977+00:00
358.0,Start_Event,2024-02-06T12:29:07.977+00:00
358.0,Define_pipeline_and_deployment_configuration,2025-01-22T10:48:55.026+00:00
358.0,send_deployment_configuration,2025-01-22T10:48:55.026+00:00
358.0,deployment_configuration_received,2025-01-22T10:48:55.026+00:00
358.0,declined,2025-01-22T10:48:55.026+00:00
358.0,decline,2025-01-22T10:48:55.026+00:00
358.0,decline_pipeline,2025-01-22T10:48:55.026+00:00
385.0,Start,2023-12-22T09:52:32.533+00:00
385.0,Define_Data_Object,2024-07-11T09:07:13.498+00:00
385.0,Request_Data_Object,2024-07-11T09:07:13.498+00:00
385.0,Start_Event,2024-07-11T09:07:13.498+00:00
385.0,Define_pipeline_and_deployment_configuration,2025-10-31T16:20:45.455+00:00
385.0,send_deployment_configuration,2025-10-31T16:20:45.455+00:00
385.0,deployment_configuration_received,2025-10-31T16:20:45.455+00:00
385.0,accepted,2025-10-31T16:20:45.455+00:00
385.0,accept,2025-10-31T16:20:45.455+00:00
385.0,execute_capabilities,2026-08-20T09:43:31.819+00:00
385.0,terminate_exchange,2026-08-20T09:43:31.819+00:00
363.0,Start,2023-12-22T09:22:34.815+00:00
363.0,Define_Data_Object,2024-03-12T11:39:53.944+00:00
363.0,Request_Data_Object,2024-03-12T11:39:53.944+00:00
363.0,Start_Event,2024-03-12T11:39:53.944+00:00
363.0,Define_pipeline_and_deployment_configuration,2025-03-13T13:21:35.557+00:00
363.0,send_deployment_configuration,2025-03-13T13:21:35.557+00:00
363.0,deployment_configuration_received,2025-03-13T13:21:35.557+00:00
363.0,accepted,2025-03-13T13:21:35.557+00:00
363.0,accept,2025-03-13T13:21:35.557+00:00
363.0,execute_capabilities,2026-05-07T14:44:35.470+00:00
363.0,End Event_353,2026-05-07T14:44:35.470+00:00
374.0,Start,2023-12-22T09:36:29.747+00:00
374.0,Define_Data_Object,2024-04-24T10:27:23.868+00:00
374.0,Request_Data_Object,2024-04-24T10:27:23.868+00:00
374.0,Start_Event,2024-04-24T10:27:23.868+00:00
374.0,Define_pipeline_and_deployment_configuration,2025-07-01T15:49:28.869+00:00
374.0,send_deployment_configuration,2025-07-01T15:49:28.869+00:00
374.0,deployment_configuration_received,2025-07-01T15:49:28.869+00:00
374.0,accepted,2025-07-01T15:49:28.869+00:00
374.0,accept,2025-07-01T15:49:28.869+00:00
374.0,execute_capabilities,2026-06-02T08:10:34.712+00:00
374.0,terminate_exchange,2026-06-02T08:10:34.712+00:00
384.0,Start,2023-12-22T09:51:52.413+00:00
384.0,Define_Data_Object,2024-07-04T13:43:43.833+00:00
384.0,Request_Data_Object,2024-07-04T13:43:43.833+00:00
384.0,Start_Event,2024-07-04T13:43:43.833+00:00
384.0,Define_pipeline_and_deployment_configuration,2025-10-13T11:44:50.677+00:00
384.0,send_deployment_configuration,2025-10-13T11:44:50.677+00:00
384.0,deployment_configuration_received,2025-10-13T11:44:50.677+00:00
384.0,accepted,2025-10-13T11:44:50.677+00:00
384.0,accept,2025-10-13T11:44:50.677+00:00
384.0,implement_capabilities,2026-08-19T14:15:45.467+00:00
384.0,End Event_336,2026-08-19T14:15:45.467+00:00
394.0,Start,2023-12-22T10:08:35.975+00:00
394.0,Define_Data_Object,2024-10-09T09:45:45.461+00:00
394.0,Request_Data_Object,2024-10-09T09:45:45.461+00:00
394.0,Start_Event,2024-10-09T09:45:45.461+00:00
394.0,decline_exchange,2024-10-09T09:45:45.461+00:00
394.0,data_object_declined,2024-10-09T09:45:45.461+00:00
394.0,decline_data_object,2024-10-09T09:45:45.461+00:00
395.0,Start,2023-12-22T10:08:46.209+00:00
395.0,Define_Data_Object,2024-10-18T14:27:52.464+00:00
395.0,Request_Data_Object,2024-10-18T14:27:52.464+00:00
395.0,Start_Event,2024-10-18T14:27:52.464+00:00
395.0,decline_exchange,2024-10-18T14:27:52.464+00:00
395.0,data_object_declined,2024-10-18T14:27:52.464+00:00
395.0,decline_data_object,2024-10-18T14:27:52.464+00:00
362.0,Start,2023-12-22T09:20:14.522+00:00
362.0,Define_Data_Object,2024-03-08T15:34:05.519+00:00
362.0,Request_Data_Object,2024-03-08T15:34:05.519+00:00
362.0,Start_Event,2024-03-08T15:34:05.519+00:00
362.0,Define_pipeline_and_deployment_configuration,2025-03-06T16:57:34.693+00:00
362.0,send_deployment_configuration,2025-03-06T16:57:34.693+00:00
362.0,deployment_configuration_received,2025-03-06T16:57:34.693+00:00
362.0,accepted,2025-03-06T16:57:34.693+00:00
362.0,accept,2025-03-06T16:57:34.693+00:00
362.0,implement_capabilities,2026-05-07T11:48:59.420+00:00
362.0,execute_capabilities,2026-10-26T14:58:56.569+00:00
362.0,terminate_exchange,2026-10-26T14:58:56.569+00:00
373.0,Start,2023-12-22T09:35:20.608+00:00
373.0,Define_Data_Object,2024-04-19T08:38:14.292+00:00
373.0,Request_Data_Object,2024-04-19T08:38:14.292+00:00
373.0,Start_Event,2024-04-19T08:38:14.292+00:00
373.0,Define_pipeline_and_deployment_configuration,2025-06-12T13:29:29.910+00:00
373.0,send_deployment_configuration,2025-06-12T13:29:29.910+00:00
373.0,deployment_configuration_received,2025-06-12T13:29:29.910+00:00
373.0,declined,2025-06-12T13:29:29.910+00:00
373.0,decline,2025-06-12T13:29:29.910+00:00
373.0,decline_pipeline,2025-06-12T13:29:29.910+00:00
382.0,Start,2023-12-22T09:48:23.761+00:00
382.0,Define_Data_Object,2024-06-24T09:24:03.633+00:00
382.0,Request_Data_Object,2024-06-24T09:24:03.633+00:00
382.0,Start_Event,2024-06-24T09:24:03.633+00:00
382.0,Define_pipeline_and_deployment_configuration,2025-10-08T10:07:01.130+00:00
382.0,send_deployment_configuration,2025-10-08T10:07:01.130+00:00
382.0,deployment_configuration_received,2025-10-08T10:07:01.130+00:00
382.0,revised,2025-10-08T10:07:01.130+00:00
382.0,revise,2025-10-08T10:07:01.130+00:00
382.0,Define_pipeline_and_deployment_configuration,2026-08-10T08:44:22.304+00:00
382.0,send_deployment_configuration,2026-08-10T08:44:22.304+00:00
392.0,Start,2023-12-22T10:02:37.401+00:00
392.0,Define_Data_Object,2024-09-16T15:02:08.276+00:00
392.0,Request_Data_Object,2024-09-16T15:02:08.276+00:00
392.0,Start_Event,2024-09-16T15:02:08.276+00:00
392.0,Define_pipeline_and_deployment_configuration,2026-01-23T10:31:10.100+00:00
392.0,send_deployment_configuration,2026-01-23T10:31:10.100+00:00
392.0,deployment_configuration_received,2026-01-23T10:31:10.100+00:00
392.0,accepted,2026-01-23T10:31:10.100+00:00
392.0,accept,2026-01-23T10:31:10.100+00:00
392.0,implement_capabilities,2026-10-07T10:59:36.022+00:00
392.0,execute_capabilities,2026-10-29T11:19:44.685+00:00
392.0,terminate_exchange,2026-10-29T11:19:44.685+00:00
393.0,Start,2023-12-22T10:04:54.310+00:00
393.0,Define_Data_Object,2024-09-26T14:45:26.960+00:00
393.0,Request_Data_Object,2024-09-26T14:45:26.960+00:00
393.0,Start_Event,2024-09-26T14:45:26.960+00:00
393.0,Define_pipeline_and_deployment_configuration,2026-02-02T12:43:53.471+00:00
393.0,send_deployment_configuration,2026-02-02T12:43:53.471+00:00
393.0,deployment_configuration_received,2026-02-02T12:43:53.471+00:00
393.0,accepted,2026-02-02T12:43:53.471+00:00
393.0,accept,2026-02-02T12:43:53.471+00:00
393.0,execute_capabilities,2026-10-07T12:53:12.525+00:00
393.0,terminate_exchange,2026-10-07T12:53:12.525+00:00
381.0,Start,2023-12-22T09:47:20.642+00:00
381.0,Define_Data_Object,2024-06-19T14:46:03.459+00:00
381.0,Request_Data_Object,2024-06-19T14:46:03.459+00:00
381.0,Start_Event,2024-06-19T14:46:03.459+00:00
381.0,Define_pipeline_and_deployment_configuration,2025-09-29T13:42:10.494+00:00
381.0,send_deployment_configuration,2025-09-29T13:42:10.494+00:00
381.0,deployment_configuration_received,2025-09-29T13:42:10.494+00:00
381.0,accepted,2025-09-29T13:42:10.494+00:00
381.0,accept,2025-09-29T13:42:10.494+00:00
381.0,implement_capabilities,2026-07-20T15:52:34.552+00:00
381.0,execute_capabilities,2026-10-28T09:19:55.118+00:00
381.0,terminate_exchange,2026-10-28T09:19:55.118+00:00
383.0,Start,2023-12-22T09:51:36.084+00:00
383.0,Define_Data_Object,2024-07-01T11:08:22.727+00:00
383.0,Request_Data_Object,2024-07-01T11:08:22.727+00:00
383.0,Start_Event,2024-07-01T11:08:22.727+00:00
383.0,decline_exchange,2024-07-01T11:08:22.727+00:00
383.0,data_object_declined,2024-07-01T11:08:22.727+00:00
383.0,decline_data_object,2024-07-01T11:08:22.727+00:00
361.0,Start,2023-12-22T09:18:06.903+00:00
361.0,Define_Data_Object,2024-02-26T16:23:18.357+00:00
361.0,Request_Data_Object,2024-02-26T16:23:18.357+00:00
361.0,Start_Event,2024-02-26T16:23:18.357+00:00
361.0,Define_pipeline_and_deployment_configuration,2025-02-21T10:05:27.328+00:00
361.0,send_deployment_configuration,2025-02-21T10:05:27.328+00:00
361.0,deployment_configuration_received,2025-02-21T10:05:27.328+00:00
361.0,accepted,2025-02-21T10:05:27.328+00:00
361.0,accept,2025-02-21T10:05:27.328+00:00
361.0,execute_capabilities,2026-04-28T09:41:52.331+00:00
361.0,End Event_353,2026-04-28T09:41:52.331+00:00
370.0,Start,2023-12-22T09:32:05.631+00:00
370.0,Define_Data_Object,2024-04-08T15:09:11.013+00:00
370.0,Request_Data_Object,2024-04-08T15:09:11.013+00:00
370.0,Start_Event,2024-04-08T15:09:11.013+00:00
370.0,Define_pipeline_and_deployment_configuration,2025-04-30T14:16:04.142+00:00
370.0,send_deployment_configuration,2025-04-30T14:16:04.142+00:00
370.0,deployment_configuration_received,2025-04-30T14:16:04.142+00:00
370.0,accepted,2025-04-30T14:16:04.142+00:00
370.0,accept,2025-04-30T14:16:04.142+00:00
370.0,implement_capabilities,2026-05-18T10:46:37.719+00:00
370.0,execute_capabilities,2026-10-26T16:46:06.492+00:00
370.0,terminate_exchange,2026-10-26T16:46:06.492+00:00
372.0,Start,2023-12-22T09:34:31.329+00:00
372.0,Define_Data_Object,2024-04-17T14:01:34.006+00:00
372.0,Request_Data_Object,2024-04-17T14:01:34.006+00:00
372.0,Start_Event,2024-04-17T14:01:34.006+00:00
372.0,Define_pipeline_and_deployment_configuration,2025-05-29T12:16:06.984+00:00
372.0,send_deployment_configuration,2025-05-29T12:16:06.984+00:00
372.0,deployment_configuration_received,2025-05-29T12:16:06.984+00:00
372.0,accepted,2025-05-29T12:16:06.984+00:00
372.0,accept,2025-05-29T12:16:06.984+00:00
372.0,implement_capabilities,2026-06-01T14:33:38.661+00:00
372.0,execute_capabilities,2026-10-27T12:01:07.934+00:00
372.0,terminate_exchange,2026-10-27T12:01:07.934+00:00
359.0,Start,2023-12-22T09:15:10.624+00:00
359.0,Define_Data_Object,2024-02-08T09:21:32.928+00:00
359.0,Request_Data_Object,2024-02-08T09:21:32.928+00:00
359.0,Start_Event,2024-02-08T09:21:32.928+00:00
359.0,revise_exchange,2024-02-08T09:21:32.928+00:00
359.0,data_object_revised,2024-02-08T09:21:32.928+00:00
359.0,Define_Data_Object,2025-01-24T11:59:57.292+00:00
359.0,Request_Data_Object,2025-01-24T11:59:57.292+00:00
359.0,Start_Event,2025-01-24T11:59:57.292+00:00
359.0,Define_pipeline_and_deployment_configuration,2026-04-27T10:57:19.693+00:00
359.0,send_deployment_configuration,2026-04-27T10:57:19.693+00:00
359.0,deployment_configuration_received,2026-04-27T10:57:19.693+00:00
359.0,accepted,2026-04-27T10:57:19.693+00:00
359.0,accept,2026-04-27T10:57:19.693+00:00
359.0,execute_capabilities,2026-10-26T11:27:20.236+00:00
359.0,terminate_exchange,2026-10-26T11:27:20.236+00:00
360.0,Start,2023-12-22T09:17:20.194+00:00
360.0,Define_Data_Object,2024-02-14T14:01:33.620+00:00
360.0,Request_Data_Object,2024-02-14T14:01:33.620+00:00
360.0,Start_Event,2024-02-14T14:01:33.620+00:00
360.0,Define_pipeline_and_deployment_configuration,2025-02-07T16:06:49.913+00:00
360.0,send_deployment_configuration,2025-02-07T16:06:49.913+00:00
360.0,deployment_configuration_received,2025-02-07T16:06:49.913+00:00
360.0,accepted,2025-02-07T16:06:49.913+00:00
360.0,accept,2025-02-07T16:06:49.913+00:00
360.0,execute_capabilities,2026-04-27T14:52:25.516+00:00
360.0,terminate_exchange,2026-04-27T14:52:25.516+00:00
371.0,Start,2023-12-22T09:34:21.447+00:00
371.0,Define_Data_Object,2024-04-08T15:36:11.035+00:00
371.0,Request_Data_Object,2024-04-08T15:36:11.035+00:00
371.0,Start_Event,2024-04-08T15:36:11.035+00:00
371.0,Define_pipeline_and_deployment_configuration,2025-05-15T10:32:10.548+00:00
371.0,send_deployment_configuration,2025-05-15T10:32:10.548+00:00
371.0,deployment_configuration_received,2025-05-15T10:32:10.548+00:00
371.0,accepted,2025-05-15T10:32:10.548+00:00
371.0,accept,2025-05-15T10:32:10.548+00:00
371.0,execute_capabilities,2026-05-18T12:11:56.285+00:00
371.0,terminate_exchange,2026-05-18T12:11:56.285+00:00
